{"cameraMode":{"drawMode":0,"name":"Shaded","section":"Shading Mode"},"sceneLighting":false,"audioPlay":false,"sceneViewState":{"m_AlwaysRefresh":false,"showFog":true,"showSkybox":false,"showFlares":true,"showImageEffects":true,"showParticleSystems":true,"showVisualEffectGraphs":true,"m_FxEnabled":true},"in2DMode":false,"pivot":{"x":0.0000018477439880371094,"y":1.6242260932922364,"z":-0.02853536605834961},"rotation":{"x":0.03551097959280014,"y":0.9286595582962036,"z":-0.09223882108926773,"w":0.35752439498901369},"size":2.488295316696167,"orthographic":true}