{"cameraMode":{"drawMode":0,"name":"Shaded","section":"Shading Mode"},"sceneLighting":false,"audioPlay":false,"sceneViewState":{"m_AlwaysRefresh":false,"showFog":true,"showSkybox":false,"showFlares":true,"showImageEffects":true,"showParticleSystems":true,"showVisualEffectGraphs":true,"m_FxEnabled":true},"in2DMode":false,"pivot":{"x":0.0000017881393432617188,"y":1.4490351676940919,"z":-0.027436673641204835},"rotation":{"x":0.008447088301181794,"y":0.991362988948822,"z":-0.08228252828121185,"w":0.10177254676818848},"size":2.2739341259002687,"orthographic":false}