{"cameraMode":{"drawMode":0,"name":"Shaded","section":"Shading Mode"},"sceneLighting":false,"audioPlay":false,"sceneViewState":{"m_AlwaysRefresh":false,"showFog":true,"showSkybox":false,"showFlares":true,"showImageEffects":true,"showParticleSystems":true,"showVisualEffectGraphs":true,"m_FxEnabled":true},"in2DMode":false,"pivot":{"x":0.26467180252075198,"y":1.2817776203155518,"z":-0.2606394290924072},"rotation":{"x":0.03551097959280014,"y":0.9286595582962036,"z":-0.09223882108926773,"w":0.35752439498901369},"size":1.8302379846572877,"orthographic":true}