{"cameraMode":{"drawMode":0,"name":"Shaded","section":"Shading Mode"},"sceneLighting":false,"audioPlay":false,"sceneViewState":{"m_AlwaysRefresh":false,"showFog":true,"showSkybox":false,"showFlares":true,"showImageEffects":true,"showParticleSystems":true,"showVisualEffectGraphs":true,"m_FxEnabled":true},"in2DMode":false,"pivot":{"x":-0.2932077646255493,"y":1.3500748872756959,"z":-1.4843392372131348},"rotation":{"x":0.008447088301181794,"y":0.991362988948822,"z":-0.08228252828121185,"w":0.10177254676818848},"size":2.4510550498962404,"orthographic":false}