{"cameraMode":{"drawMode":0,"name":"Shaded","section":"Shading Mode"},"sceneLighting":true,"audioPlay":false,"sceneViewState":{"m_AlwaysRefresh":false,"showFog":true,"showSkybox":true,"showFlares":true,"showImageEffects":true,"showParticleSystems":true,"showVisualEffectGraphs":true,"m_FxEnabled":true},"in2DMode":false,"pivot":{"x":0.39197033643722536,"y":1.3571330308914185,"z":0.8631610870361328},"rotation":{"x":0.029460536316037179,"y":-0.9372151494026184,"z":0.08174382150173187,"w":0.33777034282684328},"size":2.4326236248016359,"orthographic":true}